<Objs Version="1.1.0.1" xmlns="http://schemas.microsoft.com/powershell/2004/04">
  <Obj RefId="0">
    <TN RefId="0">
      <T>Microsoft.PowerShell.Commands.PSRepositoryItemInfo</T>
      <T>System.Management.Automation.PSCustomObject</T>
      <T>System.Object</T>
    </TN>
    <MS>
      <S N="Name">ActiveDirectoryDsc</S>
      <Version N="Version">6.0.1</Version>
      <S N="Type">Module</S>
      <S N="Description">The ActiveDirectoryDsc module contains DSC resources for deployment and configuration of Active Directory._x000D__x000A__x000D__x000A_These DSC resources allow you to configure new domains, child domains, and high availability domain controllers, establish cross-domain trusts and manage users, groups and OUs.</S>
      <S N="Author">DSC Community</S>
      <Obj N="CompanyName" RefId="1">
        <TN RefId="1">
          <T>System.Object[]</T>
          <T>System.Array</T>
          <T>System.Object</T>
        </TN>
        <LST>
          <S>PowerShellTeam</S>
          <S>gaelcolas</S>
          <S>dsccommunity</S>
        </LST>
      </Obj>
      <S N="Copyright">Copyright the DSC Community contributors. All rights reserved.</S>
      <DT N="PublishedDate">2020-04-16T19:53:26+02:00</DT>
      <Obj N="InstalledDate" RefId="2">
        <DT>2022-04-22T01:20:12.7317912+02:00</DT>
        <MS>
          <Obj N="DisplayHint" RefId="3">
            <TN RefId="2">
              <T>Microsoft.PowerShell.Commands.DisplayHintType</T>
              <T>System.Enum</T>
              <T>System.ValueType</T>
              <T>System.Object</T>
            </TN>
            <ToString>DateTime</ToString>
            <I32>2</I32>
          </Obj>
        </MS>
      </Obj>
      <Nil N="UpdatedDate" />
      <URI N="LicenseUri">https://github.com/dsccommunity/ActiveDirectoryDsc/blob/master/LICENSE</URI>
      <URI N="ProjectUri">https://github.com/dsccommunity/ActiveDirectoryDsc</URI>
      <URI N="IconUri">https://dsccommunity.org/images/DSC_Logo_300p.png</URI>
      <Obj N="Tags" RefId="4">
        <TNRef RefId="1" />
        <LST>
          <S>DesiredStateConfiguration</S>
          <S>DSC</S>
          <S>DSCResourceKit</S>
          <S>DSCResource</S>
          <S>PSModule</S>
        </LST>
      </Obj>
      <Obj N="Includes" RefId="5">
        <TN RefId="3">
          <T>System.Collections.Hashtable</T>
          <T>System.Object</T>
        </TN>
        <DCT>
          <En>
            <S N="Key">Cmdlet</S>
            <Obj N="Value" RefId="6">
              <TNRef RefId="1" />
              <LST />
            </Obj>
          </En>
          <En>
            <S N="Key">Command</S>
            <Obj N="Value" RefId="7">
              <TNRef RefId="1" />
              <LST>
                <S>Find-DomainController</S>
              </LST>
            </Obj>
          </En>
          <En>
            <S N="Key">Workflow</S>
            <Ref N="Value" RefId="6" />
          </En>
          <En>
            <S N="Key">DscResource</S>
            <Obj N="Value" RefId="8">
              <TNRef RefId="1" />
              <LST>
                <S>ADComputer</S>
                <S>ADDomain</S>
                <S>ADDomainController</S>
                <S>ADDomainControllerProperties</S>
                <S>ADDomainDefaultPasswordPolicy</S>
                <S>ADDomainFunctionalLevel</S>
                <S>ADDomainTrust</S>
                <S>ADForestFunctionalLevel</S>
                <S>ADForestProperties</S>
                <S>ADGroup</S>
                <S>ADKDSKey</S>
                <S>ADManagedServiceAccount</S>
                <S>ADObjectEnabledState</S>
                <S>ADObjectPermissionEntry</S>
                <S>ADOptionalFeature</S>
                <S>ADOrganizationalUnit</S>
                <S>ADReplicationSite</S>
                <S>ADReplicationSiteLink</S>
                <S>ADServicePrincipalName</S>
                <S>ADUser</S>
                <S>WaitForADDomain</S>
              </LST>
            </Obj>
          </En>
          <En>
            <S N="Key">RoleCapability</S>
            <Ref N="Value" RefId="6" />
          </En>
          <En>
            <S N="Key">Function</S>
            <Obj N="Value" RefId="9">
              <TNRef RefId="1" />
              <LST>
                <S>Find-DomainController</S>
              </LST>
            </Obj>
          </En>
        </DCT>
      </Obj>
      <Nil N="PowerShellGetFormatVersion" />
      <S N="ReleaseNotes">## [6.0.1] - 2020-04-16_x000A__x000D__x000A_### Fixed_x000D__x000A__x000D__x000A_- ActiveDirectoryDsc_x000D__x000A_  - The regular expression for `minor-version-bump-message` in the file_x000D__x000A_    `GitVersion.yml` was changed to only raise minor version when the_x000D__x000A_    commit message contain the word `add`, `adds`, `minor`, `feature`,_x000D__x000A_    or `features` ([issue #588](https://github.com/dsccommunity/ActiveDirectoryDsc/issues/588))._x000D__x000A_  - Rename folder 'Tests' to folder 'tests' (lower-case)._x000D__x000A_  - Moved oldest changelog details to historic changelog._x000D__x000A_- ADDomain_x000D__x000A_  - Added additional Get-ADDomain retry exceptions_x000D__x000A_    ([issue #581](https://github.com/dsccommunity/ActiveDirectoryDsc/issues/581))._x000D__x000A_- ADUser_x000D__x000A_  - Fixed PasswordAuthentication parameter handling_x000D__x000A_  ([issue #582](https://github.com/dsccommunity/ActiveDirectoryDsc/issues/582))._x000D__x000A__x000D__x000A_### Changed_x000D__x000A__x000D__x000A_- ActiveDirectoryDsc_x000D__x000A_  - Only run CI pipeline on branch `master` when there are changes to files_x000D__x000A_    inside the `source` folder._x000A__x000A_## [6.0.0] - 2020-03-12_x000D__x000A__x000D__x000A_### Added_x000D__x000A__x000D__x000A_- ActiveDirectoryDsc_x000D__x000A_  - Added [Codecov.io](https://codecov.io) support._x000D__x000A_  - Fixed miscellaneous spelling errors._x000D__x000A_  - Added Strict-Mode v1.0 to all unit tests._x000D__x000A_- ADDomain_x000D__x000A_  - Added integration tests_x000D__x000A_    ([issue #345](https://github.com/dsccommunity/ActiveDirectoryDsc/issues/345))._x000D__x000A_- ADGroup_x000D__x000A_  - Added support for Managed Service Accounts_x000D__x000A_    ([issue #532](https://github.com/dsccommunity/ActiveDirectoryDsc/issues/532))._x000D__x000A_- ADForestProperties_x000D__x000A_  - Added TombstoneLifetime property_x000D__x000A_    ([issue #302](https://github.com/dsccommunity/ActiveDirectoryDsc/issues/302))._x000D__x000A_  - Added Integration tests_x000D__x000A_    ([issue #349](https://github.com/dsccommunity/ActiveDirectoryDsc/issues/349))._x000D__x000A__x000D__x000A_### Fixed_x000D__x000A__x000D__x000A_- ADForestProperties_x000D__x000A_  - Fixed ability to clear `ServicePrincipalNameSuffix` and `UserPrincipalNameSuffix`_x000D__x000A_    ([issue #548](https://github.com/PowerShell/ActiveDirectoryDsc/issues/548))._x000D__x000A_- WaitForADDomain_x000D__x000A_  - Fixed `Find-DomainController` to correctly handle an exception thrown when a domain controller is not ready_x000D__x000A_    ([issue #530](https://github.com/dsccommunity/ActiveDirectoryDsc/issues/530))._x000D__x000A_- ADObjectPermissionEntry_x000D__x000A_  - Fixed issue where Get-DscConfiguration / Test-DscConfiguration throw an exception when target object path does not_x000D__x000A_    yet exist_x000D__x000A_    ([issue #552](https://github.com/dsccommunity/ActiveDirectoryDsc/issues/552))._x000D__x000A_  - Fixed issue where Get-TargetResource throw an exception, `Cannot find drive. A drive with the name 'AD' does not_x000D__x000A_    exist`, when running soon after domain controller restart_x000D__x000A_    ([issue #547](https://github.com/dsccommunity/ActiveDirectoryDsc/issues/547))._x000D__x000A_- ADOrganizationalUnit_x000D__x000A_  - Fixed issue where Get-DscConfiguration/Test-DscConfiguration throws an exception when parent path does not yet exist_x000D__x000A_    ([issue #553](https://github.com/dsccommunity/ActiveDirectoryDsc/issues/553))._x000D__x000A_- ADReplicationSiteLink_x000D__x000A_  - Fixed issue creating a Site Link with options specified_x000D__x000A_    ([issue #571](https://github.com/dsccommunity/ActiveDirectoryDsc/issues/571))._x000D__x000A_- ADDomain_x000D__x000A_  - Added additional Get-ADDomain retry exceptions_x000D__x000A_    ([issue #574](https://github.com/dsccommunity/ActiveDirectoryDsc/issues/574))._x000D__x000A__x000D__x000A_### Changed_x000D__x000A__x000D__x000A_- ActiveDirectoryDsc_x000D__x000A_  - BREAKING CHANGE: Required PowerShell version increased from v4.0 to v5.0_x000D__x000A_  - Updated Azure Pipeline Windows image_x000D__x000A_    ([issue #551](https://github.com/dsccommunity/ActiveDirectoryDsc/issues/551))._x000D__x000A_  - Updated license copyright_x000D__x000A_    ([issue #550](https://github.com/dsccommunity/ActiveDirectoryDsc/issues/550))._x000D__x000A_- ADDomain_x000D__x000A_  - Changed Domain Install Tracking File to use NetLogon Registry Test._x000D__x000A_    ([issue #560](https://github.com/dsccommunity/ActiveDirectoryDsc/issues/560))._x000D__x000A_  - Updated the Get-TargetResource function with the following:_x000D__x000A_    - Removed unused parameters._x000D__x000A_    - Removed unnecessary domain membership check._x000D__x000A_    - Removed unneeded catch exception blocks._x000D__x000A_    - Changed Get-ADDomain and Get-ADForest to use localhost as the server._x000D__x000A_    - Improved Try/Catch blocks to only cover cmdlet calls._x000D__x000A_    - Simplified retry timing loop._x000D__x000A_  - Refactored unit tests._x000D__x000A_  - Updated NewChildDomain example to clarify the contents of the credential parameter and use Windows 2016 rather than_x000D__x000A_    2012 R2._x000D__x000A_- ADDomainController_x000D__x000A_  - Updated the Get-TargetResource function with the following:_x000D__x000A_    - Removed unused parameters._x000D__x000A_    - Added IsDnsServer read-only property_x000D__x000A_      ([issue #490](https://github.com/dsccommunity/ActiveDirectoryDsc/issues/490))._x000D__x000A_- ADForestProperties_x000D__x000A_  - Refactored unit tests._x000D__x000A_- ADReplicationSiteLink_x000D__x000A_  - Refactored the `Set-TargetResource` function so that properties are only set if they have been changed._x000D__x000A_  - Refactored the resource unit tests._x000D__x000A_  - Added quotes to all the variables in the localised string data._x000D__x000A_- ADOrganizationalUnit_x000D__x000A_  - Replaced throws with `New-InvalidOperationException`._x000D__x000A_  - Refactored `Get-TargetResource` to not reference properties of a `$null` object_x000D__x000A_  - Fixed organization references to organizational._x000D__x000A_  - Refactored `Test-TargetResource` to use `Compare-ResourcePropertyState` common function._x000D__x000A_  - Reformatted code to keep line lengths to less than 120 characters._x000D__x000A_  - Removed redundant `Assert-Module` and `Get-ADOrganizationalUnit` function calls from `Set-TargetResource`._x000D__x000A_  - Wrapped `Set-ADOrganizationalUnit` and `Remove-ADOrganizationalUnit` with try/catch blocks and used common exception_x000D__x000A_    function._x000D__x000A_  - Added `DistinguishedName` read-only property._x000D__x000A_  - Refactored unit tests._x000D__x000A_- ADUser_x000D__x000A_  - Improve Try/Catch blocks to only cover cmdlet calls._x000D__x000A_  - Move the Test-Password function to the ActiveDirectoryDsc.Common module and add unit tests._x000D__x000A_  - Reformat code to keep line lengths to less than 120 characters._x000D__x000A_  - Fix Password parameter processing when PasswordNeverResets is $true._x000D__x000A_  - Remove unnecessary Enabled parameter check._x000D__x000A_  - Remove unnecessary Clear explicit parameter check._x000D__x000A_  - Add check to only call Set-ADUser if there are properties to change._x000D__x000A_  - Refactored Unit Tests - ([issue #467](https://github.com/dsccommunity/ActiveDirectoryDsc/issues/467))_x000A__x000A_## [5.0.0] - 2020-01-14_x000D__x000A__x000D__x000A_### Added_x000D__x000A__x000D__x000A_- ADServicePrincipalName_x000D__x000A_  - Added Integration tests_x000D__x000A_    ([issue #358](https://github.com/dsccommunity/ActiveDirectoryDsc/issues/358))._x000D__x000A_- ADManagedServiceAccount_x000D__x000A_  - Added Integration tests._x000D__x000A_- ADKDSKey_x000D__x000A_  - Added Integration tests_x000D__x000A_    ([issue #351](https://github.com/dsccommunity/ActiveDirectoryDsc/issues/351))._x000D__x000A__x000D__x000A_### Changed_x000D__x000A__x000D__x000A_- ADManagedServiceAccount_x000D__x000A_  - KerberosEncryptionType property added._x000D__x000A_    ([issue #511](https://github.com/dsccommunity/ActiveDirectoryDsc/issues/511))._x000D__x000A_  - BREAKING CHANGE: AccountType parameter ValidateSet changed from ('Group', 'Single') to ('Group', 'Standalone') -_x000D__x000A_    Standalone is the correct terminology._x000D__x000A_    Ref: [Service Accounts](https://docs.microsoft.com/en-us/windows/security/identity-protection/access-control/service-accounts)._x000D__x000A_    ([issue #515](https://github.com/dsccommunity/ActiveDirectoryDsc/issues/515))._x000D__x000A_  - BREAKING CHANGE: AccountType parameter default of Single removed. - Enforce positive choice of account type._x000D__x000A_  - BREAKING CHANGE: MembershipAttribute parameter ValidateSet member SID changed to ObjectSid to match result property_x000D__x000A_    of Get-AdObject. Previous code does not work if SID is specified._x000D__x000A_  - BREAKING CHANGE: AccountTypeForce parameter removed - unnecessary complication._x000D__x000A_  - BREAKING CHANGE: Members parameter renamed to ManagedPasswordPrincipals - to closer match Get-AdServiceAccount result_x000D__x000A_    property PrincipalsAllowedToRetrieveManagedPassword. This is so that a DelegateToAccountPrincipals parameter can be_x000D__x000A_    added later._x000D__x000A_  - Common Compare-ResourcePropertyState function used to replace function specific Compare-TargetResourceState and code_x000D__x000A_    refactored._x000D__x000A_    ([issue #512](https://github.com/dsccommunity/ActiveDirectoryDsc/issues/512))._x000D__x000A_  - Resource unit tests refactored to use nested contexts and follow the logic of the module._x000D__x000A_- ActiveDirectoryDsc_x000D__x000A_  - Updated PowerShell help files._x000D__x000A_  - Updated Wiki link in README.md._x000D__x000A_  - Remove verbose parameters from unit tests._x000D__x000A_  - Fix PowerShell script file formatting and culture string alignment._x000D__x000A_  - Add the `pipelineIndentationStyle` setting to the Visual Studio Code settings file._x000D__x000A_  - Remove unused common function Test-DscParameterState_x000D__x000A_    ([issue #522](https://github.com/dsccommunity/ActiveDirectoryDsc/issues/522))._x000D__x000A__x000D__x000A_### Fixed_x000D__x000A__x000D__x000A_- ActiveDirectoryDsc_x000D__x000A_  - Fix tests ErrorAction on DscResource.Test Import-Module._x000D__x000A_- ADObjectPermissionEntry_x000D__x000A_  - Updated Assert-ADPSDrive with PSProvider Checks_x000D__x000A_    ([issue #527](https://github.com/dsccommunity/ActiveDirectoryDsc/issues/527))._x000D__x000A_- ADReplicationSite_x000D__x000A_  - Fixed incorrect evaluation of site configuration state when no description is defined_x000D__x000A_    ([issue #534](https://github.com/dsccommunity/ActiveDirectoryDsc/issues/534))._x000D__x000A_- ADReplicationSiteLink_x000D__x000A_  - Fix RemovingSites verbose message_x000D__x000A_    ([issue #518](https://github.com/dsccommunity/ActiveDirectoryDsc/issues/518))._x000D__x000A_- ADComputer_x000D__x000A_  - Fixed the SamAcountName property description_x000D__x000A_    ([issue #529](https://github.com/dsccommunity/ActiveDirectoryDsc/issues/529)).</S>
      <Obj N="Dependencies" RefId="10">
        <TNRef RefId="1" />
        <LST />
      </Obj>
      <S N="RepositorySourceLocation">https://www.powershellgallery.com/api/v2</S>
      <S N="Repository">PSGallery</S>
      <S N="PackageManagementProvider">NuGet</S>
      <Obj N="AdditionalMetadata" RefId="11">
        <TN RefId="4">
          <T>System.Management.Automation.PSCustomObject</T>
          <T>System.Object</T>
        </TN>
        <MS>
          <S N="copyright">Copyright the DSC Community contributors. All rights reserved.</S>
          <S N="description">The ActiveDirectoryDsc module contains DSC resources for deployment and configuration of Active Directory._x000D__x000A__x000D__x000A_These DSC resources allow you to configure new domains, child domains, and high availability domain controllers, establish cross-domain trusts and manage users, groups and OUs.</S>
          <S N="requireLicenseAcceptance">False</S>
          <S N="releaseNotes">## [6.0.1] - 2020-04-16_x000A__x000D__x000A_### Fixed_x000D__x000A__x000D__x000A_- ActiveDirectoryDsc_x000D__x000A_  - The regular expression for `minor-version-bump-message` in the file_x000D__x000A_    `GitVersion.yml` was changed to only raise minor version when the_x000D__x000A_    commit message contain the word `add`, `adds`, `minor`, `feature`,_x000D__x000A_    or `features` ([issue #588](https://github.com/dsccommunity/ActiveDirectoryDsc/issues/588))._x000D__x000A_  - Rename folder 'Tests' to folder 'tests' (lower-case)._x000D__x000A_  - Moved oldest changelog details to historic changelog._x000D__x000A_- ADDomain_x000D__x000A_  - Added additional Get-ADDomain retry exceptions_x000D__x000A_    ([issue #581](https://github.com/dsccommunity/ActiveDirectoryDsc/issues/581))._x000D__x000A_- ADUser_x000D__x000A_  - Fixed PasswordAuthentication parameter handling_x000D__x000A_  ([issue #582](https://github.com/dsccommunity/ActiveDirectoryDsc/issues/582))._x000D__x000A__x000D__x000A_### Changed_x000D__x000A__x000D__x000A_- ActiveDirectoryDsc_x000D__x000A_  - Only run CI pipeline on branch `master` when there are changes to files_x000D__x000A_    inside the `source` folder._x000A__x000A_## [6.0.0] - 2020-03-12_x000D__x000A__x000D__x000A_### Added_x000D__x000A__x000D__x000A_- ActiveDirectoryDsc_x000D__x000A_  - Added [Codecov.io](https://codecov.io) support._x000D__x000A_  - Fixed miscellaneous spelling errors._x000D__x000A_  - Added Strict-Mode v1.0 to all unit tests._x000D__x000A_- ADDomain_x000D__x000A_  - Added integration tests_x000D__x000A_    ([issue #345](https://github.com/dsccommunity/ActiveDirectoryDsc/issues/345))._x000D__x000A_- ADGroup_x000D__x000A_  - Added support for Managed Service Accounts_x000D__x000A_    ([issue #532](https://github.com/dsccommunity/ActiveDirectoryDsc/issues/532))._x000D__x000A_- ADForestProperties_x000D__x000A_  - Added TombstoneLifetime property_x000D__x000A_    ([issue #302](https://github.com/dsccommunity/ActiveDirectoryDsc/issues/302))._x000D__x000A_  - Added Integration tests_x000D__x000A_    ([issue #349](https://github.com/dsccommunity/ActiveDirectoryDsc/issues/349))._x000D__x000A__x000D__x000A_### Fixed_x000D__x000A__x000D__x000A_- ADForestProperties_x000D__x000A_  - Fixed ability to clear `ServicePrincipalNameSuffix` and `UserPrincipalNameSuffix`_x000D__x000A_    ([issue #548](https://github.com/PowerShell/ActiveDirectoryDsc/issues/548))._x000D__x000A_- WaitForADDomain_x000D__x000A_  - Fixed `Find-DomainController` to correctly handle an exception thrown when a domain controller is not ready_x000D__x000A_    ([issue #530](https://github.com/dsccommunity/ActiveDirectoryDsc/issues/530))._x000D__x000A_- ADObjectPermissionEntry_x000D__x000A_  - Fixed issue where Get-DscConfiguration / Test-DscConfiguration throw an exception when target object path does not_x000D__x000A_    yet exist_x000D__x000A_    ([issue #552](https://github.com/dsccommunity/ActiveDirectoryDsc/issues/552))._x000D__x000A_  - Fixed issue where Get-TargetResource throw an exception, `Cannot find drive. A drive with the name 'AD' does not_x000D__x000A_    exist`, when running soon after domain controller restart_x000D__x000A_    ([issue #547](https://github.com/dsccommunity/ActiveDirectoryDsc/issues/547))._x000D__x000A_- ADOrganizationalUnit_x000D__x000A_  - Fixed issue where Get-DscConfiguration/Test-DscConfiguration throws an exception when parent path does not yet exist_x000D__x000A_    ([issue #553](https://github.com/dsccommunity/ActiveDirectoryDsc/issues/553))._x000D__x000A_- ADReplicationSiteLink_x000D__x000A_  - Fixed issue creating a Site Link with options specified_x000D__x000A_    ([issue #571](https://github.com/dsccommunity/ActiveDirectoryDsc/issues/571))._x000D__x000A_- ADDomain_x000D__x000A_  - Added additional Get-ADDomain retry exceptions_x000D__x000A_    ([issue #574](https://github.com/dsccommunity/ActiveDirectoryDsc/issues/574))._x000D__x000A__x000D__x000A_### Changed_x000D__x000A__x000D__x000A_- ActiveDirectoryDsc_x000D__x000A_  - BREAKING CHANGE: Required PowerShell version increased from v4.0 to v5.0_x000D__x000A_  - Updated Azure Pipeline Windows image_x000D__x000A_    ([issue #551](https://github.com/dsccommunity/ActiveDirectoryDsc/issues/551))._x000D__x000A_  - Updated license copyright_x000D__x000A_    ([issue #550](https://github.com/dsccommunity/ActiveDirectoryDsc/issues/550))._x000D__x000A_- ADDomain_x000D__x000A_  - Changed Domain Install Tracking File to use NetLogon Registry Test._x000D__x000A_    ([issue #560](https://github.com/dsccommunity/ActiveDirectoryDsc/issues/560))._x000D__x000A_  - Updated the Get-TargetResource function with the following:_x000D__x000A_    - Removed unused parameters._x000D__x000A_    - Removed unnecessary domain membership check._x000D__x000A_    - Removed unneeded catch exception blocks._x000D__x000A_    - Changed Get-ADDomain and Get-ADForest to use localhost as the server._x000D__x000A_    - Improved Try/Catch blocks to only cover cmdlet calls._x000D__x000A_    - Simplified retry timing loop._x000D__x000A_  - Refactored unit tests._x000D__x000A_  - Updated NewChildDomain example to clarify the contents of the credential parameter and use Windows 2016 rather than_x000D__x000A_    2012 R2._x000D__x000A_- ADDomainController_x000D__x000A_  - Updated the Get-TargetResource function with the following:_x000D__x000A_    - Removed unused parameters._x000D__x000A_    - Added IsDnsServer read-only property_x000D__x000A_      ([issue #490](https://github.com/dsccommunity/ActiveDirectoryDsc/issues/490))._x000D__x000A_- ADForestProperties_x000D__x000A_  - Refactored unit tests._x000D__x000A_- ADReplicationSiteLink_x000D__x000A_  - Refactored the `Set-TargetResource` function so that properties are only set if they have been changed._x000D__x000A_  - Refactored the resource unit tests._x000D__x000A_  - Added quotes to all the variables in the localised string data._x000D__x000A_- ADOrganizationalUnit_x000D__x000A_  - Replaced throws with `New-InvalidOperationException`._x000D__x000A_  - Refactored `Get-TargetResource` to not reference properties of a `$null` object_x000D__x000A_  - Fixed organization references to organizational._x000D__x000A_  - Refactored `Test-TargetResource` to use `Compare-ResourcePropertyState` common function._x000D__x000A_  - Reformatted code to keep line lengths to less than 120 characters._x000D__x000A_  - Removed redundant `Assert-Module` and `Get-ADOrganizationalUnit` function calls from `Set-TargetResource`._x000D__x000A_  - Wrapped `Set-ADOrganizationalUnit` and `Remove-ADOrganizationalUnit` with try/catch blocks and used common exception_x000D__x000A_    function._x000D__x000A_  - Added `DistinguishedName` read-only property._x000D__x000A_  - Refactored unit tests._x000D__x000A_- ADUser_x000D__x000A_  - Improve Try/Catch blocks to only cover cmdlet calls._x000D__x000A_  - Move the Test-Password function to the ActiveDirectoryDsc.Common module and add unit tests._x000D__x000A_  - Reformat code to keep line lengths to less than 120 characters._x000D__x000A_  - Fix Password parameter processing when PasswordNeverResets is $true._x000D__x000A_  - Remove unnecessary Enabled parameter check._x000D__x000A_  - Remove unnecessary Clear explicit parameter check._x000D__x000A_  - Add check to only call Set-ADUser if there are properties to change._x000D__x000A_  - Refactored Unit Tests - ([issue #467](https://github.com/dsccommunity/ActiveDirectoryDsc/issues/467))_x000A__x000A_## [5.0.0] - 2020-01-14_x000D__x000A__x000D__x000A_### Added_x000D__x000A__x000D__x000A_- ADServicePrincipalName_x000D__x000A_  - Added Integration tests_x000D__x000A_    ([issue #358](https://github.com/dsccommunity/ActiveDirectoryDsc/issues/358))._x000D__x000A_- ADManagedServiceAccount_x000D__x000A_  - Added Integration tests._x000D__x000A_- ADKDSKey_x000D__x000A_  - Added Integration tests_x000D__x000A_    ([issue #351](https://github.com/dsccommunity/ActiveDirectoryDsc/issues/351))._x000D__x000A__x000D__x000A_### Changed_x000D__x000A__x000D__x000A_- ADManagedServiceAccount_x000D__x000A_  - KerberosEncryptionType property added._x000D__x000A_    ([issue #511](https://github.com/dsccommunity/ActiveDirectoryDsc/issues/511))._x000D__x000A_  - BREAKING CHANGE: AccountType parameter ValidateSet changed from ('Group', 'Single') to ('Group', 'Standalone') -_x000D__x000A_    Standalone is the correct terminology._x000D__x000A_    Ref: [Service Accounts](https://docs.microsoft.com/en-us/windows/security/identity-protection/access-control/service-accounts)._x000D__x000A_    ([issue #515](https://github.com/dsccommunity/ActiveDirectoryDsc/issues/515))._x000D__x000A_  - BREAKING CHANGE: AccountType parameter default of Single removed. - Enforce positive choice of account type._x000D__x000A_  - BREAKING CHANGE: MembershipAttribute parameter ValidateSet member SID changed to ObjectSid to match result property_x000D__x000A_    of Get-AdObject. Previous code does not work if SID is specified._x000D__x000A_  - BREAKING CHANGE: AccountTypeForce parameter removed - unnecessary complication._x000D__x000A_  - BREAKING CHANGE: Members parameter renamed to ManagedPasswordPrincipals - to closer match Get-AdServiceAccount result_x000D__x000A_    property PrincipalsAllowedToRetrieveManagedPassword. This is so that a DelegateToAccountPrincipals parameter can be_x000D__x000A_    added later._x000D__x000A_  - Common Compare-ResourcePropertyState function used to replace function specific Compare-TargetResourceState and code_x000D__x000A_    refactored._x000D__x000A_    ([issue #512](https://github.com/dsccommunity/ActiveDirectoryDsc/issues/512))._x000D__x000A_  - Resource unit tests refactored to use nested contexts and follow the logic of the module._x000D__x000A_- ActiveDirectoryDsc_x000D__x000A_  - Updated PowerShell help files._x000D__x000A_  - Updated Wiki link in README.md._x000D__x000A_  - Remove verbose parameters from unit tests._x000D__x000A_  - Fix PowerShell script file formatting and culture string alignment._x000D__x000A_  - Add the `pipelineIndentationStyle` setting to the Visual Studio Code settings file._x000D__x000A_  - Remove unused common function Test-DscParameterState_x000D__x000A_    ([issue #522](https://github.com/dsccommunity/ActiveDirectoryDsc/issues/522))._x000D__x000A__x000D__x000A_### Fixed_x000D__x000A__x000D__x000A_- ActiveDirectoryDsc_x000D__x000A_  - Fix tests ErrorAction on DscResource.Test Import-Module._x000D__x000A_- ADObjectPermissionEntry_x000D__x000A_  - Updated Assert-ADPSDrive with PSProvider Checks_x000D__x000A_    ([issue #527](https://github.com/dsccommunity/ActiveDirectoryDsc/issues/527))._x000D__x000A_- ADReplicationSite_x000D__x000A_  - Fixed incorrect evaluation of site configuration state when no description is defined_x000D__x000A_    ([issue #534](https://github.com/dsccommunity/ActiveDirectoryDsc/issues/534))._x000D__x000A_- ADReplicationSiteLink_x000D__x000A_  - Fix RemovingSites verbose message_x000D__x000A_    ([issue #518](https://github.com/dsccommunity/ActiveDirectoryDsc/issues/518))._x000D__x000A_- ADComputer_x000D__x000A_  - Fixed the SamAcountName property description_x000D__x000A_    ([issue #529](https://github.com/dsccommunity/ActiveDirectoryDsc/issues/529)).</S>
          <S N="isLatestVersion">True</S>
          <S N="isAbsoluteLatestVersion">False</S>
          <S N="versionDownloadCount">1098980</S>
          <S N="downloadCount">1176334</S>
          <S N="packageSize">174292</S>
          <S N="published">16-4-2020 19:53:26 +02:00</S>
          <S N="created">16-4-2020 19:53:26 +02:00</S>
          <S N="lastUpdated">21-4-2022 23:16:34 +02:00</S>
          <S N="tags">DesiredStateConfiguration DSC DSCResourceKit DSCResource PSModule PSFunction_Find-DomainController PSCommand_Find-DomainController PSIncludes_Function PSDscResource_ADComputer PSDscResource_ADDomain PSDscResource_ADDomainController PSDscResource_ADDomainControllerProperties PSDscResource_ADDomainDefaultPasswordPolicy PSDscResource_ADDomainFunctionalLevel PSDscResource_ADDomainTrust PSDscResource_ADForestFunctionalLevel PSDscResource_ADForestProperties PSDscResource_ADGroup PSDscResource_ADKDSKey PSDscResource_ADManagedServiceAccount PSDscResource_ADObjectEnabledState PSDscResource_ADObjectPermissionEntry PSDscResource_ADOptionalFeature PSDscResource_ADOrganizationalUnit PSDscResource_ADReplicationSite PSDscResource_ADReplicationSiteLink PSDscResource_ADServicePrincipalName PSDscResource_ADUser PSDscResource_WaitForADDomain PSIncludes_DscResource</S>
          <S N="developmentDependency">False</S>
          <S N="updated">2022-04-21T23:16:34Z</S>
          <S N="NormalizedVersion">6.0.1</S>
          <S N="Authors">DSC Community</S>
          <S N="IsPrerelease">false</S>
          <S N="ItemType">Module</S>
          <S N="FileList">ActiveDirectoryDsc.nuspec|ActiveDirectoryDsc.psd1|en-US\about_ActiveDirectoryDsc.help.txt|DSCResources\MSFT_ADOptionalFeature\README.md|DSCResources\MSFT_ADOptionalFeature\MSFT_ADOptionalFeature.psm1|DSCResources\MSFT_ADOptionalFeature\MSFT_ADOptionalFeature.schema.mof|DSCResources\MSFT_ADKDSKey\README.md|DSCResources\MSFT_ADKDSKey\MSFT_ADKDSKey.psm1|DSCResources\MSFT_ADKDSKey\MSFT_ADKDSKey.schema.mof|DSCResources\MSFT_ADGroup\README.md|DSCResources\MSFT_ADGroup\MSFT_ADGroup.schema.mof|DSCResources\MSFT_ADGroup\MSFT_ADGroup.psm1|DSCResources\MSFT_ADManagedServiceAccount\MSFT_ADManagedServiceAccount.schema.mof|DSCResources\MSFT_ADManagedServiceAccount\README.md|DSCResources\MSFT_ADManagedServiceAccount\MSFT_ADManagedServiceAccount.psm1|DSCResources\MSFT_ADReplicationSite\MSFT_ADReplicationSite.schema.mof|DSCResources\MSFT_ADReplicationSite\README.md|DSCResources\MSFT_ADReplicationSite\MSFT_ADReplicationSite.psm1|DSCResources\MSFT_ADReplicationSiteLink\README.md|DSCResources\MSFT_ADReplicationSiteLink\MSFT_ADReplicationSiteLink.psm1|DSCResources\MSFT_ADReplicationSiteLink\MSFT_ADReplicationSiteLink.schema.mof|DSCResources\MSFT_ADObjectPermissionEntry\README.md|DSCResources\MSFT_ADObjectPermissionEntry\MSFT_ADObjectPermissionEntry.psm1|DSCResources\MSFT_ADObjectPermissionEntry\MSFT_ADObjectPermissionEntry.schema.mof|DSCResources\MSFT_ADReplicationSubnet\README.md|DSCResources\MSFT_ADReplicationSubnet\MSFT_ADReplicationSubnet.schema.mof|DSCResources\MSFT_ADReplicationSubnet\MSFT_ADReplicationSubnet.psm1|DSCResources\MSFT_ADDomainFunctionalLevel\MSFT_ADDomainFunctionalLevel.psm1|DSCResources\MSFT_ADDomainFunctionalLevel\README.md|DSCResources\MSFT_ADDomainFunctionalLevel\MSFT_ADDomainFunctionalLevel.schema.mof|DSCResources\MSFT_ADComputer\README.md|DSCResources\MSFT_ADComputer\MSFT_ADComputer.psm1|DSCResources\MSFT_ADComputer\MSFT_ADComputer.schema.mof|DSCResources\MSFT_ADObjectEnabledState\MSFT_ADObjectEnabledState.schema.mof|DSCResources\MSFT_ADObjectEnabledState\README.md|DSCResources\MSFT_ADObjectEnabledState\MSFT_ADObjectEnabledState.psm1|DSCResources\MSFT_WaitForADDomain\README.md|DSCResources\MSFT_WaitForADDomain\MSFT_WaitForADDomain.psm1|DSCResources\MSFT_WaitForADDomain\MSFT_WaitForADDomain.schema.mof|DSCResources\MSFT_ADDomainControllerProperties\README.md|DSCResources\MSFT_ADDomainControllerProperties\MSFT_ADDomainControllerProperties.psm1|DSCResources\MSFT_ADDomainControllerProperties\MSFT_ADDomainControllerProperties.schema.mof|DSCResources\MSFT_ADForestFunctionalLevel\README.md|DSCResources\MSFT_ADForestFunctionalLevel\MSFT_ADForestFunctionalLevel.schema.mof|DSCResources\MSFT_ADForestFunctionalLevel\MSFT_ADForestFunctionalLevel.psm1|DSCResources\MSFT_ADServicePrincipalName\MSFT_ADServicePrincipalName.psm1|DSCResources\MSFT_ADServicePrincipalName\README.md|DSCResources\MSFT_ADServicePrincipalName\MSFT_ADServicePrincipalName.schema.mof|DSCResources\MSFT_ADForestProperties\MSFT_ADForestProperties.schema.mof|DSCResources\MSFT_ADForestProperties\README.md|DSCResources\MSFT_ADForestProperties\MSFT_ADForestProperties.psm1|DSCResources\MSFT_ADUser\README.md|DSCResources\MSFT_ADUser\MSFT_ADUser.PropertyMap.psd1|DSCResources\MSFT_ADUser\MSFT_ADUser.psm1|DSCResources\MSFT_ADUser\MSFT_ADUser.schema.mof|DSCResources\MSFT_ADDomainController\README.md|DSCResources\MSFT_ADDomainController\MSFT_ADDomainController.schema.mof|DSCResources\MSFT_ADDomainController\MSFT_ADDomainController.psm1|DSCResources\MSFT_ADDomainDefaultPasswordPolicy\MSFT_ADDomainDefaultPasswordPolicy.schema.mof|DSCResources\MSFT_ADDomainDefaultPasswordPolicy\README.md|DSCResources\MSFT_ADDomainDefaultPasswordPolicy\MSFT_ADDomainDefaultPasswordPolicy.psm1|DSCResources\MSFT_ADDomain\README.md|DSCResources\MSFT_ADDomain\MSFT_ADDomain.psm1|DSCResources\MSFT_ADDomain\MSFT_ADDomain.schema.mof|DSCResources\MSFT_ADOrganizationalUnit\README.md|DSCResources\MSFT_ADOrganizationalUnit\MSFT_ADOrganizationalUnit.psm1|DSCResources\MSFT_ADOrganizationalUnit\MSFT_ADOrganizationalUnit.schema.mof|DSCResources\MSFT_ADDomainTrust\MSFT_ADDomainTrust.psm1|DSCResources\MSFT_ADDomainTrust\README.md|DSCResources\MSFT_ADDomainTrust\MSFT_ADDomainTrust.schema.mof|Modules\ActiveDirectoryDsc.Common\ActiveDirectoryDsc.Common.psm1|Modules\ActiveDirectoryDsc.Common\ActiveDirectoryDsc.Common.psd1|DSCResources\MSFT_ADOptionalFeature\en-US\MSFT_ADOptionalFeature.strings.psd1|DSCResources\MSFT_ADOptionalFeature\en-US\about_ADOptionalFeature.help.txt|DSCResources\MSFT_ADKDSKey\en-US\MSFT_ADKDSKey.strings.psd1|DSCResources\MSFT_ADKDSKey\en-US\about_ADKDSKey.help.txt|DSCResources\MSFT_ADGroup\en-US\about_ADGroup.help.txt|DSCResources\MSFT_ADGroup\en-US\MSFT_ADGroup.strings.psd1|DSCResources\MSFT_ADManagedServiceAccount\en-US\MSFT_ADManagedServiceAccount.strings.psd1|DSCResources\MSFT_ADManagedServiceAccount\en-US\about_ADManagedServiceAccount.help.txt|DSCResources\MSFT_ADReplicationSite\en-US\MSFT_ADReplicationSite.strings.psd1|DSCResources\MSFT_ADReplicationSite\en-US\about_ADReplicationSite.help.txt|DSCResources\MSFT_ADReplicationSiteLink\en-US\about_ADReplicationSiteLink.help.txt|DSCResources\MSFT_ADReplicationSiteLink\en-US\MSFT_ADReplicationSiteLink.strings.psd1|DSCResources\MSFT_ADObjectPermissionEntry\en-US\about_ADObjectPermissionEntry.help.txt|DSCResources\MSFT_ADObjectPermissionEntry\en-US\MSFT_ADObjectPermissionEntry.strings.psd1|DSCResources\MSFT_ADReplicationSubnet\en-US\about_ADReplicationSubnet.help.txt|DSCResources\MSFT_ADReplicationSubnet\en-US\MSFT_ADReplicationSubnet.strings.psd1|DSCResources\MSFT_ADDomainFunctionalLevel\en-US\about_ADDomainFunctionalLevel.help.txt|DSCResources\MSFT_ADDomainFunctionalLevel\en-US\MSFT_ADDomainFunctionalLevel.strings.psd1|DSCResources\MSFT_ADComputer\en-US\about_ADComputer.help.txt|DSCResources\MSFT_ADComputer\en-US\MSFT_ADComputer.strings.psd1|DSCResources\MSFT_ADObjectEnabledState\en-US\MSFT_ADObjectEnabledState.strings.psd1|DSCResources\MSFT_ADObjectEnabledState\en-US\about_ADObjectEnabledState.help.txt|DSCResources\MSFT_WaitForADDomain\en-US\MSFT_WaitForADDomain.strings.psd1|DSCResources\MSFT_WaitForADDomain\en-US\about_WaitForADDomain.help.txt|DSCResources\MSFT_ADDomainControllerProperties\en-US\MSFT_ADDomainControllerProperties.strings.psd1|DSCResources\MSFT_ADDomainControllerProperties\en-US\about_ADDomainControllerProperties.help.txt|DSCResources\MSFT_ADForestFunctionalLevel\en-US\MSFT_ADForestFunctionalLevel.strings.psd1|DSCResources\MSFT_ADForestFunctionalLevel\en-US\about_ADForestFunctionalLevel.help.txt|DSCResources\MSFT_ADServicePrincipalName\en-US\about_ADServicePrincipalName.help.txt|DSCResources\MSFT_ADServicePrincipalName\en-US\MSFT_ADServicePrincipalName.strings.psd1|DSCResources\MSFT_ADForestProperties\en-US\about_ADForestProperties.help.txt|DSCResources\MSFT_ADForestProperties\en-US\MSFT_ADForestProperties.strings.psd1|DSCResources\MSFT_ADUser\en-US\MSFT_ADUser.strings.psd1|DSCResources\MSFT_ADUser\en-US\about_ADUser.help.txt|DSCResources\MSFT_ADDomainController\en-US\MSFT_ADDomainController.strings.psd1|DSCResources\MSFT_ADDomainController\en-US\about_ADDomainController.help.txt|DSCResources\MSFT_ADDomainDefaultPasswordPolicy\en-US\MSFT_ADDomainDefaultPasswordPolicy.strings.psd1|DSCResources\MSFT_ADDomainDefaultPasswordPolicy\en-US\about_ADDomainDefaultPasswordPolicy.help.txt|DSCResources\MSFT_ADDomain\en-US\about_ADDomain.help.txt|DSCResources\MSFT_ADDomain\en-US\MSFT_ADDomain.strings.psd1|DSCResources\MSFT_ADOrganizationalUnit\en-US\about_ADOrganizationalUnit.help.txt|DSCResources\MSFT_ADOrganizationalUnit\en-US\MSFT_ADOrganizationalUnit.strings.psd1|DSCResources\MSFT_ADDomainTrust\en-US\about_ADDomainTrust.help.txt|DSCResources\MSFT_ADDomainTrust\en-US\MSFT_ADDomainTrust.strings.psd1|Modules\ActiveDirectoryDsc.Common\en-US\ActiveDirectoryDsc.Common.strings.psd1</S>
          <S N="GUID">9FECD4F6-8F02-4707-99B3-539E940E9FF5</S>
          <S N="PowerShellVersion">5.0</S>
          <S N="CLRVersion">4.0</S>
          <S N="CompanyName">DSC Community</S>
        </MS>
      </Obj>
      <S N="InstalledLocation">C:\Users\rvanbalen\Documents\PowerShell\Modules\ActiveDirectoryDsc\6.0.1</S>
    </MS>
  </Obj>
</Objs>
